{"cameraMode":{"drawMode":0,"name":"Shaded","section":"Shading Mode"},"sceneLighting":false,"audioPlay":false,"sceneViewState":{"m_AlwaysRefresh":false,"showFog":true,"showSkybox":false,"showFlares":true,"showImageEffects":true,"showParticleSystems":true,"showVisualEffectGraphs":true,"m_FxEnabled":true},"in2DMode":false,"pivot":{"x":-0.4039393663406372,"y":8.075363159179688,"z":-0.3470865786075592},"rotation":{"x":0.5217525362968445,"y":-0.04857054725289345,"z":0.02977215312421322,"w":0.8511940240859985},"size":13.217658996582032,"orthographic":false}