{"cameraMode":{"drawMode":0,"name":"Shaded","section":"Shading Mode"},"sceneLighting":false,"audioPlay":false,"sceneViewState":{"m_AlwaysRefresh":false,"showFog":true,"showSkybox":false,"showFlares":true,"showImageEffects":true,"showParticleSystems":true,"showVisualEffectGraphs":true,"m_FxEnabled":true},"in2DMode":false,"pivot":{"x":320.1275939941406,"y":240.12709045410157,"z":0.6917359828948975},"rotation":{"x":0.040471676737070087,"y":-0.030277257785201074,"z":-0.001212471630424261,"w":-0.9987370371818543},"size":1.7696733474731446,"orthographic":false}